num_workers,executor_type,repetition,elapsed_time
0,sequential,1,14.108658832999936
1,process,1,15.448190500001147
1,thread,1,14.054155083000296
4,process,1,9.780423707999944
4,thread,1,14.783033666999472
